"","year","age","value","model","value_lower","value_upper"
"1",1958,1,0.0105721303605098,"Independent model",0.00143756593336727,0.0765749097634285
"2",1959,1,0.0126450765251657,"Independent model",0.00151194388148375,0.111871034036387
"3",1960,1,0.0178184234779483,"Independent model",0.00174243737371038,0.197524138375548
"4",1961,1,0.0874205244605025,"Independent model",0.00335674108794904,0.268711139890277
"5",1962,1,0.0225070683408912,"Independent model",0.0022526861562673,0.156684934565926
"6",1963,1,0.0103486129788973,"Independent model",0.00139269912728624,0.0547406026449292
"7",1964,1,0.0122441439424852,"Independent model",0.00164815191307231,0.0564917692292089
"8",1965,1,0.00700736975468486,"Independent model",0.0012214431174285,0.0284775154170981
"9",1966,1,0.00870289814258651,"Independent model",0.00138035634650137,0.0454500640182306
"10",1967,1,0.0129203022840242,"Independent model",0.00166270499543086,0.0556766743989459
"11",1968,1,0.0229494339153202,"Independent model",0.00195729953636348,0.109758685264616
"12",1969,1,0.145234432572867,"Independent model",0.0809258824959147,0.208773694163278
"13",1970,1,0.251556828376909,"Independent model",0.190225705695883,0.318175550630893
"14",1971,1,0.0247884614060009,"Independent model",0.00472031789587611,0.0818686510816254
"15",1972,1,0.00951148245359412,"Independent model",0.002148721722677,0.0334493422071775
"16",1973,1,0.00672685554885549,"Independent model",0.00131477287623985,0.0270038266376332
"17",1958,2,NA,"Independent model",NA,NA
"18",1959,2,0.012460360382193,"Independent model",0.00144036077310178,0.111700894782446
"19",1960,2,0.0172635137168214,"Independent model",0.00165288129564245,0.192799078601427
"20",1961,2,0.085730526816718,"Independent model",0.00315739262857766,0.263646996000236
"21",1962,2,0.0196767919228682,"Independent model",0.00192533263335234,0.153381887912043
"22",1963,2,0.0100673459857048,"Independent model",0.00132750160887139,0.0539899065665961
"23",1964,2,0.0120275882414437,"Independent model",0.00160432379163476,0.0555225539620166
"24",1965,2,0.00689344348411071,"Independent model",0.00120555423111794,0.0282080563465171
"25",1966,2,0.00863448543145002,"Independent model",0.00137153956228834,0.0448630993314938
"26",1967,2,0.0127818495883476,"Independent model",0.00165382083850356,0.0553240506864261
"27",1968,2,0.0225381805350014,"Independent model",0.00186690527486075,0.107375328633334
"28",1969,2,0.141477131089527,"Independent model",0.0768739977689485,0.204968730310481
"29",1970,2,0.215020299431643,"Independent model",0.160677817919661,0.281319800423909
"30",1971,2,0.0183470941118549,"Independent model",0.00348658286917157,0.061879396494829
"31",1972,2,0.00919955766002071,"Independent model",0.0020840729662883,0.033213359078028
"32",1973,2,0.00663995799115569,"Independent model",0.00128375547106176,0.0267975138003561
"33",1958,3,NA,"Independent model",NA,NA
"34",1959,3,NA,"Independent model",NA,NA
"35",1960,3,0.0167857318572581,"Independent model",0.00159609734533017,0.190791264262546
"36",1961,3,0.0833715736090715,"Independent model",0.00313680045289927,0.260894667671057
"37",1962,3,0.0190460730744465,"Independent model",0.00182899622821754,0.150761483564348
"38",1963,3,0.00868457148866336,"Independent model",0.00117830787115093,0.0492759280069933
"39",1964,3,0.0116742009258187,"Independent model",0.00155512721759961,0.0553784151316481
"40",1965,3,0.00682071880756854,"Independent model",0.0011975633333599,0.0281046875732938
"41",1966,3,0.00846086105847047,"Independent model",0.00135440497351906,0.0442429696527311
"42",1967,3,0.012694873641761,"Independent model",0.00164314580307699,0.0552111425578359
"43",1968,3,0.0223960922991892,"Independent model",0.00184712132663457,0.106792247101726
"44",1969,3,0.139401723190397,"Independent model",0.0735670435121993,0.201707309504791
"45",1970,3,0.207854844050263,"Independent model",0.1502579508575,0.276302125958056
"46",1971,3,0.0158727249761865,"Independent model",0.00305062784075536,0.0549286173381028
"47",1972,3,0.00682101373244498,"Independent model",0.00157287284411647,0.025503567450751
"48",1973,3,0.00641888442679211,"Independent model",0.00122959141765485,0.0259445765621322
"49",1958,4,NA,"Independent model",NA,NA
"50",1959,4,NA,"Independent model",NA,NA
"51",1960,4,NA,"Independent model",NA,NA
"52",1961,4,0.0822450073887833,"Independent model",0.00309552185771453,0.257196295819666
"53",1962,4,0.0185437978899736,"Independent model",0.00178466615960102,0.149193463850742
"54",1963,4,0.00839061041978612,"Independent model",0.00114538462761737,0.0455213895090542
"55",1964,4,0.0104124721918142,"Independent model",0.00140170098945753,0.0524462950738465
"56",1965,4,0.00653378174209279,"Independent model",0.00115753726407597,0.0274553413974984
"57",1966,4,0.00837522607652641,"Independent model",0.00131618602884825,0.0432872604272233
"58",1967,4,0.0123335003449147,"Independent model",0.00160521539027555,0.0549877030249411
"59",1968,4,0.0221023225948596,"Independent model",0.00182636969076805,0.106398082002218
"60",1969,4,0.137824770280851,"Independent model",0.0727985298827084,0.199700591313506
"61",1970,4,0.204785707417988,"Independent model",0.147355984623362,0.268699223935002
"62",1971,4,0.0153083463680361,"Independent model",0.00284411141321836,0.0535831420426379
"63",1972,4,0.00584267519548252,"Independent model",0.00130994184818195,0.0217420034006178
"64",1973,4,0.00476377967083074,"Independent model",0.000915611431360495,0.0198082417394612
"65",1958,5,NA,"Independent model",NA,NA
"66",1959,5,NA,"Independent model",NA,NA
"67",1960,5,NA,"Independent model",NA,NA
"68",1961,5,NA,"Independent model",NA,NA
"69",1962,5,0.0178313910324913,"Independent model",0.00177044967102185,0.14531856836129
"70",1963,5,0.00826611696354126,"Independent model",0.0010903877347908,0.045134231492509
"71",1964,5,0.0101394496128107,"Independent model",0.00133749687432232,0.0495670106674034
"72",1965,5,0.00577844637525879,"Independent model",0.00103169928977473,0.0236695640581943
"73",1966,5,0.00813138935692049,"Independent model",0.00122802027112738,0.0419029089825218
"74",1967,5,0.0121711673134206,"Independent model",0.00159840404877652,0.054952669366072
"75",1968,5,0.0215493591932899,"Independent model",0.00181675873591904,0.104364921470939
"76",1969,5,0.136345151949326,"Independent model",0.0724251884045532,0.198523138181414
"77",1970,5,0.20197023370272,"Independent model",0.1461591976715,0.265266320810988
"78",1971,5,0.0152027865297567,"Independent model",0.00279864563874842,0.0526738929633221
"79",1972,5,0.00566056777459245,"Independent model",0.00129699594255872,0.0202519946125671
"80",1973,5,0.00406397034014231,"Independent model",0.000762475042275037,0.017068271303573
"81",1958,6,NA,"Independent model",NA,NA
"82",1959,6,NA,"Independent model",NA,NA
"83",1960,6,NA,"Independent model",NA,NA
"84",1961,6,NA,"Independent model",NA,NA
"85",1962,6,NA,"Independent model",NA,NA
"86",1963,6,0.00811111475563512,"Independent model",0.00108635193317172,0.0441275645218312
"87",1964,6,0.00989953616481391,"Independent model",0.00132449972870687,0.0492094297362135
"88",1965,6,0.00560144083723301,"Independent model",0.000994884943250408,0.0228056465580985
"89",1966,6,0.00733526354375106,"Independent model",0.00108063796710002,0.0369257484073619
"90",1967,6,0.0118008504178813,"Independent model",0.00146121862833641,0.0534608243274205
"91",1968,6,0.0213533249282516,"Independent model",0.00178956964893983,0.10241032476414
"92",1969,6,0.134480877174159,"Independent model",0.0711796579140005,0.195310276108932
"93",1970,6,0.200225635313105,"Independent model",0.144877453275975,0.262432711355117
"94",1971,6,0.0150314903942153,"Independent model",0.0027935539108025,0.051779797455725
"95",1972,6,0.00556992739694232,"Independent model",0.00128545274651629,0.0197269256284495
"96",1973,6,0.0039434654653474,"Independent model",0.000748104549861111,0.0160517558114316
"97",1958,7,NA,"Independent model",NA,NA
"98",1959,7,NA,"Independent model",NA,NA
"99",1960,7,NA,"Independent model",NA,NA
"100",1961,7,NA,"Independent model",NA,NA
"101",1962,7,NA,"Independent model",NA,NA
"102",1963,7,NA,"Independent model",NA,NA
"103",1964,7,0.00976626921534317,"Independent model",0.00126608872032186,0.0475436842483248
"104",1965,7,0.005445479980848,"Independent model",0.000960743577534116,0.0225114763693452
"105",1966,7,0.00696885429471255,"Independent model",0.00103311844550943,0.0344117336825147
"106",1967,7,0.0105475160147573,"Independent model",0.00137070277997784,0.0493183354947082
"107",1968,7,0.0203801706727765,"Independent model",0.00172450531134283,0.100193265247974
"108",1969,7,0.13213442847109,"Independent model",0.0699964350277196,0.19277334629811
"109",1970,7,0.196475297225322,"Independent model",0.141852836529427,0.258544331854094
"110",1971,7,0.0148744120424863,"Independent model",0.00278261056615878,0.0516566072351339
"111",1972,7,0.00551402116703329,"Independent model",0.00128098202361333,0.0196221129992055
"112",1973,7,0.00390376768707169,"Independent model",0.000744363658160716,0.015896310998297
"113",1958,8,NA,"Independent model",NA,NA
"114",1959,8,NA,"Independent model",NA,NA
"115",1960,8,NA,"Independent model",NA,NA
"116",1961,8,NA,"Independent model",NA,NA
"117",1962,8,NA,"Independent model",NA,NA
"118",1963,8,NA,"Independent model",NA,NA
"119",1964,8,NA,"Independent model",NA,NA
"120",1965,8,0.00526816893087297,"Independent model",0.000916749838685075,0.0220125226430622
"121",1966,8,0.00676004725253146,"Independent model",0.00102261046127245,0.034348022453368
"122",1967,8,0.0098888019900681,"Independent model",0.00133269124096504,0.0454164883969005
"123",1968,8,0.0184905265464611,"Independent model",0.00153491262673394,0.0932559655953262
"124",1969,8,0.125134359067902,"Independent model",0.0676977351898074,0.186926114502616
"125",1970,8,0.193984845482268,"Independent model",0.140483520639594,0.254349708073622
"126",1971,8,0.0145226207489535,"Independent model",0.00276679370115928,0.0509981981043063
"127",1972,8,0.00547596420758846,"Independent model",0.00127173533275957,0.0195899890119123
"128",1973,8,0.00387314593176924,"Independent model",0.000742461947557926,0.0156820827163012
"129",1958,9,NA,"Independent model",NA,NA
"130",1959,9,NA,"Independent model",NA,NA
"131",1960,9,NA,"Independent model",NA,NA
"132",1961,9,NA,"Independent model",NA,NA
"133",1962,9,NA,"Independent model",NA,NA
"134",1963,9,NA,"Independent model",NA,NA
"135",1964,9,NA,"Independent model",NA,NA
"136",1965,9,NA,"Independent model",NA,NA
"137",1966,9,0.00664579751218784,"Independent model",0.00100321748668531,0.0337104973021341
"138",1967,9,0.00966538533519058,"Independent model",0.00128658369557084,0.0435116350637037
"139",1968,9,0.0178080499836199,"Independent model",0.0015052704636813,0.086965356716594
"140",1969,9,0.112047213208668,"Independent model",0.0606861415997803,0.164694941524421
"141",1970,9,0.185742412928567,"Independent model",0.134692664686054,0.248820908516802
"142",1971,9,0.0142548379099118,"Independent model",0.00268478373606368,0.0491787363774979
"143",1972,9,0.00534701471765898,"Independent model",0.00123727019882277,0.0194952093988883
"144",1973,9,0.00383032444334769,"Independent model",0.000739553851745084,0.0155078353995131
"145",1958,1,0.0107494351151476,"Independent model + age risk",0.00144356763421534,0.0895815520543636
"146",1959,1,0.0124916492003435,"Independent model + age risk",0.0015237638426375,0.100205599789393
"147",1960,1,0.0164572054820181,"Independent model + age risk",0.00173042903027618,0.205225499521982
"148",1961,1,0.0742323246336323,"Independent model + age risk",0.0035814905880316,0.306183423985503
"149",1962,1,0.0224144540191122,"Independent model + age risk",0.00233906465618431,0.145726470592216
"150",1963,1,0.0106719276440954,"Independent model + age risk",0.0016699976630498,0.0538814046655622
"151",1964,1,0.0119387618550357,"Independent model + age risk",0.0019419446864862,0.0573590013347659
"152",1965,1,0.00673021511810573,"Independent model + age risk",0.00117671683634963,0.0310845726233562
"153",1966,1,0.00594617184964102,"Independent model + age risk",0.00112478879671783,0.0272163917483312
"154",1967,1,0.0084728803823842,"Independent model + age risk",0.0012589499102466,0.0405490587506842
"155",1968,1,0.113666133004648,"Independent model + age risk",0.0422525248507286,0.204669698229805
"156",1969,1,0.232187668371649,"Independent model + age risk",0.147169350772507,0.343396398059984
"157",1970,1,0.0194480861403306,"Independent model + age risk",0.00368722668575992,0.0612077804726516
"158",1971,1,0.0304031647468449,"Independent model + age risk",0.00659222054157712,0.0764035722800435
"159",1972,1,0.00945506194648721,"Independent model + age risk",0.00136157168486108,0.0401592303549402
"160",1973,1,0.00641125789445546,"Independent model + age risk",0.00106699084635602,0.0368554782685602
"161",1958,2,NA,"Independent model + age risk",NA,NA
"162",1959,2,0.012325794167828,"Independent model + age risk",0.00153945763103495,0.0986555333582462
"163",1960,2,0.0161461960852297,"Independent model + age risk",0.00176224944582749,0.203023620135654
"164",1961,2,0.0727750886764348,"Independent model + age risk",0.00326038053567592,0.302237649075963
"165",1962,2,0.0200514631444214,"Independent model + age risk",0.00206985226355599,0.145913983372488
"166",1963,2,0.0102258196268772,"Independent model + age risk",0.00159491389227535,0.0543955828998977
"167",1964,2,0.0118780358977788,"Independent model + age risk",0.00189059800818506,0.0583776335788067
"168",1965,2,0.00669478824154362,"Independent model + age risk",0.00120438359138042,0.0312354344037526
"169",1966,2,0.0059596959542376,"Independent model + age risk",0.00111026093444415,0.0274547607187914
"170",1967,2,0.00849827945303493,"Independent model + age risk",0.00124570590865379,0.0401985437301502
"171",1968,2,0.113173491617646,"Independent model + age risk",0.0423966323584815,0.201557329220842
"172",1969,2,0.207716436794162,"Independent model + age risk",0.126771014359189,0.305401458417343
"173",1970,2,0.0150242804400491,"Independent model + age risk",0.00294301477646779,0.0487324378312236
"174",1971,2,0.0299307796875017,"Independent model + age risk",0.00641797466331354,0.076793446656558
"175",1972,2,0.00908125828613176,"Independent model + age risk",0.0013163235711812,0.0395769527970675
"176",1973,2,0.00641495179007312,"Independent model + age risk",0.00107642409222347,0.0352014973283676
"177",1958,3,NA,"Independent model + age risk",NA,NA
"178",1959,3,NA,"Independent model + age risk",NA,NA
"179",1960,3,0.0159803985944871,"Independent model + age risk",0.00180914662927163,0.207272131387963
"180",1961,3,0.0711340787438094,"Independent model + age risk",0.00317292310582309,0.30121385639893
"181",1962,3,0.0193317925063161,"Independent model + age risk",0.00192716273362824,0.143647076796301
"182",1963,3,0.00942743481054403,"Independent model + age risk",0.00140609599044342,0.0510570821467267
"183",1964,3,0.0116533608190269,"Independent model + age risk",0.00189819079733255,0.0572610387501916
"184",1965,3,0.00659772987306713,"Independent model + age risk",0.00116685772973834,0.0316958820209528
"185",1966,3,0.00597776424027214,"Independent model + age risk",0.00113674140802206,0.027385760088476
"186",1967,3,0.00852036691207571,"Independent model + age risk",0.00127501009506114,0.0402155926558422
"187",1968,3,0.112609692849212,"Independent model + age risk",0.0422058135395427,0.205069531389842
"188",1969,3,0.206108430338914,"Independent model + age risk",0.127711499181564,0.299949087261048
"189",1970,3,0.0133101200976381,"Independent model + age risk",0.00267457804854825,0.04414185156266
"190",1971,3,0.0222935078282511,"Independent model + age risk",0.00494501480773798,0.0623795744191504
"191",1972,3,0.00887991576701147,"Independent model + age risk",0.00126529403031676,0.0387296608853559
"192",1973,3,0.00627437395599666,"Independent model + age risk",0.00104794232929136,0.0341691181318515
"193",1958,4,NA,"Independent model + age risk",NA,NA
"194",1959,4,NA,"Independent model + age risk",NA,NA
"195",1960,4,NA,"Independent model + age risk",NA,NA
"196",1961,4,0.0711211623835274,"Independent model + age risk",0.00316603124074341,0.300651144162683
"197",1962,4,0.0187895958507949,"Independent model + age risk",0.00191268090306387,0.142276297132786
"198",1963,4,0.00910554501433034,"Independent model + age risk",0.00127490427213583,0.0494204732767756
"199",1964,4,0.0105113033892532,"Independent model + age risk",0.00170679672662827,0.0521482041558306
"200",1965,4,0.00628614716940411,"Independent model + age risk",0.00111017458110781,0.0315707763359714
"201",1966,4,0.00597140238244806,"Independent model + age risk",0.00109550343919567,0.0270776454007605
"202",1967,4,0.00847429341880605,"Independent model + age risk",0.00122369777477695,0.0403608652331071
"203",1968,4,0.112781598612249,"Independent model + age risk",0.0412385023268617,0.207385405543312
"204",1969,4,0.206159202444924,"Independent model + age risk",0.126126748627541,0.303788226173329
"205",1970,4,0.0131850593179253,"Independent model + age risk",0.00260613938980478,0.0440497302225357
"206",1971,4,0.0201805730325371,"Independent model + age risk",0.00428808077382954,0.0549314384139116
"207",1972,4,0.00675703165988471,"Independent model + age risk",0.000953334158382377,0.0308892254138231
"208",1973,4,0.00620728192102428,"Independent model + age risk",0.00101518498351849,0.0349818268526038
"209",1958,5,NA,"Independent model + age risk",NA,NA
"210",1959,5,NA,"Independent model + age risk",NA,NA
"211",1960,5,NA,"Independent model + age risk",NA,NA
"212",1961,5,NA,"Independent model + age risk",NA,NA
"213",1962,5,0.0187901758944808,"Independent model + age risk",0.00184485509023793,0.142441969510745
"214",1963,5,0.00898077224110955,"Independent model + age risk",0.00124669799869523,0.0482004910218244
"215",1964,5,0.0103537518162309,"Independent model + age risk",0.00164586166481807,0.0506206665824291
"216",1965,5,0.00571610938724612,"Independent model + age risk",0.00101633814867217,0.0288421615309986
"217",1966,5,0.00575433672931413,"Independent model + age risk",0.00106469008089968,0.0269461432841591
"218",1967,5,0.00836384449115629,"Independent model + age risk",0.00117974265245395,0.0416423887429874
"219",1968,5,0.111753898129428,"Independent model + age risk",0.0402717632460767,0.206475057265409
"220",1969,5,0.204841349720811,"Independent model + age risk",0.124114304562966,0.308024673766678
"221",1970,5,0.0131617657447229,"Independent model + age risk",0.00254706054268024,0.0436758953982197
"222",1971,5,0.0200902900810471,"Independent model + age risk",0.00424871451698957,0.0545184504295335
"223",1972,5,0.00605456816320819,"Independent model + age risk",0.000843871400567253,0.0275231565854821
"224",1973,5,0.00476824938923644,"Independent model + age risk",0.000767377042120786,0.028615968206086
"225",1958,6,NA,"Independent model + age risk",NA,NA
"226",1959,6,NA,"Independent model + age risk",NA,NA
"227",1960,6,NA,"Independent model + age risk",NA,NA
"228",1961,6,NA,"Independent model + age risk",NA,NA
"229",1962,6,NA,"Independent model + age risk",NA,NA
"230",1963,6,0.00873830187660272,"Independent model + age risk",0.00119531062715678,0.0474590591606258
"231",1964,6,0.010124093868113,"Independent model + age risk",0.00163069262406007,0.0504810957862644
"232",1965,6,0.00555860432828913,"Independent model + age risk",0.000982558659623051,0.0264783579276536
"233",1966,6,0.00533543154109918,"Independent model + age risk",0.000941502306344938,0.0260301765114385
"234",1967,6,0.00811202433215189,"Independent model + age risk",0.00115975722472224,0.0406713604880819
"235",1968,6,0.109898794460707,"Independent model + age risk",0.0385166909642566,0.208477858474601
"236",1969,6,0.204051439847896,"Independent model + age risk",0.120024483674444,0.313849115364822
"237",1970,6,0.0131323232993539,"Independent model + age risk",0.00252311915759218,0.0437676826875335
"238",1971,6,0.0199266051839492,"Independent model + age risk",0.00425763842136808,0.055013977309746
"239",1972,6,0.00596328982700618,"Independent model + age risk",0.000837823116142211,0.0274628432524796
"240",1973,6,0.00421443224644422,"Independent model + age risk",0.000686270471148857,0.025414595071079
"241",1958,7,NA,"Independent model + age risk",NA,NA
"242",1959,7,NA,"Independent model + age risk",NA,NA
"243",1960,7,NA,"Independent model + age risk",NA,NA
"244",1961,7,NA,"Independent model + age risk",NA,NA
"245",1962,7,NA,"Independent model + age risk",NA,NA
"246",1963,7,NA,"Independent model + age risk",NA,NA
"247",1964,7,0.0101216181731888,"Independent model + age risk",0.00154437838480668,0.0504540063760927
"248",1965,7,0.00536087978205175,"Independent model + age risk",0.000940972626444306,0.0260728412948152
"249",1966,7,0.00512171262938975,"Independent model + age risk",0.000916842985898992,0.0251391315526902
"250",1967,7,0.00739286245518026,"Independent model + age risk",0.00100449955086716,0.0367336923116713
"251",1968,7,0.107054931111274,"Independent model + age risk",0.0374302307773124,0.207324445490018
"252",1969,7,0.201453566326178,"Independent model + age risk",0.114067991992142,0.316476697820366
"253",1970,7,0.0130545602934959,"Independent model + age risk",0.00254575903426817,0.0440139860151409
"254",1971,7,0.0199204042547467,"Independent model + age risk",0.00417443411521684,0.05588488893287
"255",1972,7,0.0058935286229103,"Independent model + age risk",0.000825984298043674,0.027584611662426
"256",1973,7,0.00416418341585124,"Independent model + age risk",0.000686046808207404,0.0248452407635123
"257",1958,8,NA,"Independent model + age risk",NA,NA
"258",1959,8,NA,"Independent model + age risk",NA,NA
"259",1960,8,NA,"Independent model + age risk",NA,NA
"260",1961,8,NA,"Independent model + age risk",NA,NA
"261",1962,8,NA,"Independent model + age risk",NA,NA
"262",1963,8,NA,"Independent model + age risk",NA,NA
"263",1964,8,NA,"Independent model + age risk",NA,NA
"264",1965,8,0.00537843955745292,"Independent model + age risk",0.000878659828984262,0.0265572859283324
"265",1966,8,0.00505364310805121,"Independent model + age risk",0.000893195839962162,0.0248916317100305
"266",1967,8,0.00708432815514889,"Independent model + age risk",0.000975260846155537,0.03694154647896
"267",1968,8,0.0966705586660202,"Independent model + age risk",0.0348042763730462,0.189196114527559
"268",1969,8,0.195836072704557,"Independent model + age risk",0.108024974912091,0.311807188003681
"269",1970,8,0.013011122057312,"Independent model + age risk",0.00248822402646303,0.0438532261400472
"270",1971,8,0.0197835036775664,"Independent model + age risk",0.00399788363401029,0.0550727571648078
"271",1972,8,0.00579436367091208,"Independent model + age risk",0.000819552599068056,0.0284005663871012
"272",1973,8,0.00417591472579974,"Independent model + age risk",0.000679455757609944,0.0248711339221477
"273",1958,9,NA,"Independent model + age risk",NA,NA
"274",1959,9,NA,"Independent model + age risk",NA,NA
"275",1960,9,NA,"Independent model + age risk",NA,NA
"276",1961,9,NA,"Independent model + age risk",NA,NA
"277",1962,9,NA,"Independent model + age risk",NA,NA
"278",1963,9,NA,"Independent model + age risk",NA,NA
"279",1964,9,NA,"Independent model + age risk",NA,NA
"280",1965,9,NA,"Independent model + age risk",NA,NA
"281",1966,9,0.00499454212876517,"Independent model + age risk",0.000841844901975195,0.0245868887653337
"282",1967,9,0.00694823231539981,"Independent model + age risk",0.000895416474160906,0.0375310644923799
"283",1968,9,0.0927546482430679,"Independent model + age risk",0.0333284456811388,0.189050878513271
"284",1969,9,0.176983801763275,"Independent model + age risk",0.096118996012202,0.285098660886931
"285",1970,9,0.0123600340889805,"Independent model + age risk",0.00238599505704531,0.0426204006134848
"286",1971,9,0.0195626710324569,"Independent model + age risk",0.00375299742850788,0.0546565761834455
"287",1972,9,0.00577292469416637,"Independent model + age risk",0.000795065886660012,0.0285523321810634
"288",1973,9,0.00413140946552367,"Independent model + age risk",0.000686655963315237,0.0248455860705672
"289",1958,1,0.0111098631605422,"Independent model + rho",0.00129627931763348,0.0816712091873603
"290",1959,1,0.0116594923460249,"Independent model + rho",0.00142984743117844,0.0983653970287933
"291",1960,1,0.0174745519318562,"Independent model + rho",0.00176337228674043,0.228108897808389
"292",1961,1,0.118671635414843,"Independent model + rho",0.00339099765637138,0.341288675060385
"293",1962,1,0.0286208856767624,"Independent model + rho",0.00220338342283644,0.198761489858314
"294",1963,1,0.0130749224234856,"Independent model + rho",0.00174354978534849,0.074444130774861
"295",1964,1,0.0152857827239407,"Independent model + rho",0.00206595888530409,0.0660955859412296
"296",1965,1,0.00754215808691522,"Independent model + rho",0.00124205610853274,0.0318790968690539
"297",1966,1,0.00725436604059676,"Independent model + rho",0.00113059493329504,0.0302526611708877
"298",1967,1,0.0100085602689333,"Independent model + rho",0.00152523959214833,0.0493191443997102
"299",1968,1,0.154403665561838,"Independent model + rho",0.0805400014091262,0.243710755502196
"300",1969,1,0.253633195957232,"Independent model + rho",0.174609333327455,0.326519907659012
"301",1970,1,0.0312562768518013,"Independent model + rho",0.00741885143277669,0.078476642140058
"302",1971,1,0.0420201900736458,"Independent model + rho",0.00936426022954212,0.0922780677162046
"303",1972,1,0.00794357802241796,"Independent model + rho",0.00124127548868657,0.0415934407338903
"304",1973,1,0.00762502960201039,"Independent model + rho",0.00150581827507713,0.0358450792755435
"305",1958,2,NA,"Independent model + rho",NA,NA
"306",1959,2,0.0114184096634848,"Independent model + rho",0.00142253802766148,0.0978591291126219
"307",1960,2,0.0170753949457131,"Independent model + rho",0.0016607478984068,0.226092020336767
"308",1961,2,0.114282377520069,"Independent model + rho",0.00327844088910403,0.33193032660703
"309",1962,2,0.0237430572095932,"Independent model + rho",0.00165707425400154,0.196909638878073
"310",1963,2,0.0122894557430079,"Independent model + rho",0.00157232758913081,0.07150342065547
"311",1964,2,0.0148467262470209,"Independent model + rho",0.00205203684861783,0.0655198824122657
"312",1965,2,0.00738142805285836,"Independent model + rho",0.00120803796243479,0.0308211061662292
"313",1966,2,0.00715302908663173,"Independent model + rho",0.00112149649752989,0.030157428382119
"314",1967,2,0.00993521173764013,"Independent model + rho",0.00151385191172304,0.048893895788507
"315",1968,2,0.152856456589184,"Independent model + rho",0.0786420077280185,0.241673449486907
"316",1969,2,0.21409220892505,"Independent model + rho",0.139461464666424,0.288687334204609
"317",1970,2,0.0232286245365785,"Independent model + rho",0.00566168933358377,0.059488932008892
"318",1971,2,0.040549556465104,"Independent model + rho",0.00890123815986054,0.0904852633042881
"319",1972,2,0.00752201569922314,"Independent model + rho",0.00117015951526829,0.0406326336881648
"320",1973,2,0.00749655574707528,"Independent model + rho",0.00149533830996665,0.0354239402370354
"321",1958,3,NA,"Independent model + rho",NA,NA
"322",1959,3,NA,"Independent model + rho",NA,NA
"323",1960,3,0.0167871708408848,"Independent model + rho",0.00160011008202342,0.22404360342236
"324",1961,3,0.112954245387186,"Independent model + rho",0.00310500578564779,0.328502064082263
"325",1962,3,0.0231409321080978,"Independent model + rho",0.00163531567927147,0.190420931329465
"326",1963,3,0.010828801885205,"Independent model + rho",0.0014195366991704,0.068109562682217
"327",1964,3,0.0139688112427881,"Independent model + rho",0.0019203486944182,0.0646180758073255
"328",1965,3,0.00727300638501494,"Independent model + rho",0.00119811968385313,0.0306310176802832
"329",1966,3,0.00697515479301784,"Independent model + rho",0.00111380360637465,0.0296324125044128
"330",1967,3,0.00986594368434174,"Independent model + rho",0.00150804275952288,0.0486495154367928
"331",1968,3,0.15155629420578,"Independent model + rho",0.0778226175162582,0.239851310868877
"332",1969,3,0.211688992737128,"Independent model + rho",0.137880021273191,0.286232537602125
"333",1970,3,0.0199358809855748,"Independent model + rho",0.00474347257474082,0.0512927218753645
"334",1971,3,0.0307954302640271,"Independent model + rho",0.00647878931278525,0.0711653458512092
"335",1972,3,0.00729071647906694,"Independent model + rho",0.00112473387382518,0.0383327739223708
"336",1973,3,0.00719464717861476,"Independent model + rho",0.00142440035354572,0.0343444713854521
"337",1958,4,NA,"Independent model + rho",NA,NA
"338",1959,4,NA,"Independent model + rho",NA,NA
"339",1960,4,NA,"Independent model + rho",NA,NA
"340",1961,4,0.11104232354335,"Independent model + rho",0.00308998869924707,0.324155355898185
"341",1962,4,0.0225912756699471,"Independent model + rho",0.00159986056732977,0.188438554431322
"342",1963,4,0.0104497152126973,"Independent model + rho",0.00134556195433794,0.0632478605992819
"343",1964,4,0.0120856900041922,"Independent model + rho",0.00167855190938739,0.0566448873776753
"344",1965,4,0.00686190520653121,"Independent model + rho",0.00117436735634177,0.030496785631961
"345",1966,4,0.00688571505934681,"Independent model + rho",0.00109783330725674,0.0295096089251819
"346",1967,4,0.00976493600861187,"Independent model + rho",0.00149701729153427,0.0482824014523152
"347",1968,4,0.15043624259959,"Independent model + rho",0.0768474378423063,0.23773895703234
"348",1969,4,0.209985894794969,"Independent model + rho",0.136562735541384,0.284167966920755
"349",1970,4,0.0197545547604511,"Independent model + rho",0.00471213967392378,0.0501605512426109
"350",1971,4,0.02628540943461,"Independent model + rho",0.00561569176907122,0.0615863221232276
"351",1972,4,0.00562044907222562,"Independent model + rho",0.000868112493473655,0.0317907845000578
"352",1973,4,0.00698669717969325,"Independent model + rho",0.00138932660781923,0.03335996067461
"353",1958,5,NA,"Independent model + rho",NA,NA
"354",1959,5,NA,"Independent model + rho",NA,NA
"355",1960,5,NA,"Independent model + rho",NA,NA
"356",1961,5,NA,"Independent model + rho",NA,NA
"357",1962,5,0.0221940300523422,"Independent model + rho",0.001585372837195,0.185961622340519
"358",1963,5,0.0101860887344699,"Independent model + rho",0.00131516550300451,0.0622751811489417
"359",1964,5,0.0117476627128333,"Independent model + rho",0.00159534945611807,0.0547516487106041
"360",1965,5,0.00607172060968921,"Independent model + rho",0.00105285421830252,0.0277376859508493
"361",1966,5,0.00651697568728436,"Independent model + rho",0.00105300112613071,0.0283758492160979
"362",1967,5,0.00948861558173078,"Independent model + rho",0.00146993223379805,0.0466712390012175
"363",1968,5,0.147874528523883,"Independent model + rho",0.0753782520867309,0.232442020379381
"364",1969,5,0.207312993513947,"Independent model + rho",0.136082046557389,0.281567910328521
"365",1970,5,0.0196049215393404,"Independent model + rho",0.00463961109185742,0.0497540176894704
"366",1971,5,0.0261277555927815,"Independent model + rho",0.0055683749654015,0.0607613956360351
"367",1972,5,0.00484345802473574,"Independent model + rho",0.000772323383007859,0.0259805401709516
"368",1973,5,0.00544067086053221,"Independent model + rho",0.00110315463442168,0.0262901951032222
"369",1958,6,NA,"Independent model + rho",NA,NA
"370",1959,6,NA,"Independent model + rho",NA,NA
"371",1960,6,NA,"Independent model + rho",NA,NA
"372",1961,6,NA,"Independent model + rho",NA,NA
"373",1962,6,NA,"Independent model + rho",NA,NA
"374",1963,6,0.0100066999154674,"Independent model + rho",0.00130949263378021,0.0621338158555204
"375",1964,6,0.0115793780103207,"Independent model + rho",0.00158442747196989,0.054094871108996
"376",1965,6,0.0058076173598151,"Independent model + rho",0.000981969932548534,0.0257321267524117
"377",1966,6,0.00564564840731702,"Independent model + rho",0.000892543648552766,0.0243231748428849
"378",1967,6,0.00921072877188719,"Independent model + rho",0.00139756799977896,0.0463110342354777
"379",1968,6,0.144981635535402,"Independent model + rho",0.0737102335044553,0.228376915235364
"380",1969,6,0.203647171528227,"Independent model + rho",0.134013773685692,0.27907360493883
"381",1970,6,0.0194223158314052,"Independent model + rho",0.0046165105724901,0.0496078816193212
"382",1971,6,0.0258512205127668,"Independent model + rho",0.00554700981212754,0.0592652653753734
"383",1972,6,0.00479048317207293,"Independent model + rho",0.000760071841203486,0.0257124467727975
"384",1973,6,0.00473524122855754,"Independent model + rho",0.000919166001119571,0.0227760064971292
"385",1958,7,NA,"Independent model + rho",NA,NA
"386",1959,7,NA,"Independent model + rho",NA,NA
"387",1960,7,NA,"Independent model + rho",NA,NA
"388",1961,7,NA,"Independent model + rho",NA,NA
"389",1962,7,NA,"Independent model + rho",NA,NA
"390",1963,7,NA,"Independent model + rho",NA,NA
"391",1964,7,0.0113545927494396,"Independent model + rho",0.00153731046232693,0.0538419918543377
"392",1965,7,0.00571854003027316,"Independent model + rho",0.000970263351878477,0.025346415170513
"393",1966,7,0.00545052742662472,"Independent model + rho",0.000868624142849451,0.0241204025973952
"394",1967,7,0.00800039785850766,"Independent model + rho",0.00121520024406319,0.0408777510584995
"395",1968,7,0.138761884982712,"Independent model + rho",0.0693723352646555,0.219635071243149
"396",1969,7,0.201014730693811,"Independent model + rho",0.130523106285538,0.272080631836302
"397",1970,7,0.0190151230834609,"Independent model + rho",0.00457260749425002,0.0484190385631548
"398",1971,7,0.0256265046960029,"Independent model + rho",0.00550182946669754,0.058800800743114
"399",1972,7,0.00475147008071082,"Independent model + rho",0.000749689168253945,0.0254599379163507
"400",1973,7,0.00469299321594744,"Independent model + rho",0.000906359890475937,0.0226332886607432
"401",1958,8,NA,"Independent model + rho",NA,NA
"402",1959,8,NA,"Independent model + rho",NA,NA
"403",1960,8,NA,"Independent model + rho",NA,NA
"404",1961,8,NA,"Independent model + rho",NA,NA
"405",1962,8,NA,"Independent model + rho",NA,NA
"406",1963,8,NA,"Independent model + rho",NA,NA
"407",1964,8,NA,"Independent model + rho",NA,NA
"408",1965,8,0.00564673504490354,"Independent model + rho",0.000966626466683363,0.0252664483640454
"409",1966,8,0.00540600942494002,"Independent model + rho",0.000865996216874898,0.0237933544394747
"410",1967,8,0.00774479718592469,"Independent model + rho",0.00119850551726186,0.0392968644693923
"411",1968,8,0.123919733090778,"Independent model + rho",0.0633040052228417,0.199314402490768
"412",1969,8,0.193252775446273,"Independent model + rho",0.124619266976503,0.258544668230829
"413",1970,8,0.0186901304241338,"Independent model + rho",0.00454544878620446,0.0480697172475947
"414",1971,8,0.0252474310729492,"Independent model + rho",0.00541697048558473,0.0584536442520809
"415",1972,8,0.00471716833258149,"Independent model + rho",0.000743018056031595,0.0251104671159717
"416",1973,8,0.00466798043418492,"Independent model + rho",0.000905654970050696,0.0223368920878445
"417",1958,9,NA,"Independent model + rho",NA,NA
"418",1959,9,NA,"Independent model + rho",NA,NA
"419",1960,9,NA,"Independent model + rho",NA,NA
"420",1961,9,NA,"Independent model + rho",NA,NA
"421",1962,9,NA,"Independent model + rho",NA,NA
"422",1963,9,NA,"Independent model + rho",NA,NA
"423",1964,9,NA,"Independent model + rho",NA,NA
"424",1965,9,NA,"Independent model + rho",NA,NA
"425",1966,9,0.00532092365880267,"Independent model + rho",0.000847438831459211,0.0235053976071723
"426",1967,9,0.00764321088293096,"Independent model + rho",0.0011777281641152,0.039014804326398
"427",1968,9,0.119928577696396,"Independent model + rho",0.0596353820520938,0.193471519280191
"428",1969,9,0.173092612767466,"Independent model + rho",0.108031913991088,0.237647285008101
"429",1970,9,0.0179807935037315,"Independent model + rho",0.00412076422329046,0.0458102726575061
"430",1971,9,0.0248793305704679,"Independent model + rho",0.00535839548415545,0.0575183368917794
"431",1972,9,0.00464426604347341,"Independent model + rho",0.000726357971633619,0.0248609249849641
"432",1973,9,0.00462365465514869,"Independent model + rho",0.000900206515650623,0.0221623035728977
"433",1958,1,0.0107280622889827,"Independent model + age risk + rho",0.0014001646062499,0.0766862921295511
"434",1959,1,0.0139153134419768,"Independent model + age risk + rho",0.00159236695854067,0.123396341325281
"435",1960,1,0.017158466160771,"Independent model + age risk + rho",0.00190182159383655,0.210447310029365
"436",1961,1,0.0746370560942896,"Independent model + age risk + rho",0.0032662574227272,0.342512634199154
"437",1962,1,0.0258827133340891,"Independent model + age risk + rho",0.00201164910990349,0.16160610172636
"438",1963,1,0.0114477419976843,"Independent model + age risk + rho",0.00167066863138929,0.0663543591387405
"439",1964,1,0.0126677426495116,"Independent model + age risk + rho",0.00145313551012285,0.0655995772848587
"440",1965,1,0.00695902457625697,"Independent model + age risk + rho",0.00111873233371297,0.0291546219283752
"441",1966,1,0.00703844812853555,"Independent model + age risk + rho",0.00103351628313856,0.0281510578490696
"442",1967,1,0.00944134291914689,"Independent model + age risk + rho",0.00131738880226029,0.0465552619784371
"443",1968,1,0.131967293626933,"Independent model + age risk + rho",0.0611379367322079,0.23618497811396
"444",1969,1,0.225281976404188,"Independent model + age risk + rho",0.134287215220501,0.336857246560023
"445",1970,1,0.0289111818502533,"Independent model + age risk + rho",0.00619373994020443,0.073869803762303
"446",1971,1,0.0435152649144401,"Independent model + age risk + rho",0.0111501191800499,0.100063018234298
"447",1972,1,0.00804632671410455,"Independent model + age risk + rho",0.00147341736699191,0.0378956972279784
"448",1973,1,0.00801702963821171,"Independent model + age risk + rho",0.00144326363605367,0.0334594844467698
"449",1958,2,NA,"Independent model + age risk + rho",NA,NA
"450",1959,2,0.0142728538072393,"Independent model + age risk + rho",0.00161464598197105,0.121727221468216
"451",1960,2,0.0172337979113453,"Independent model + age risk + rho",0.00197649655959906,0.211603899179925
"452",1961,2,0.0737270829515808,"Independent model + age risk + rho",0.00302636859847594,0.343567951540156
"453",1962,2,0.0232801077311969,"Independent model + age risk + rho",0.00168430447862769,0.157433229381154
"454",1963,2,0.0112475101265069,"Independent model + age risk + rho",0.00165328478799278,0.0664365371622438
"455",1964,2,0.0127965015046031,"Independent model + age risk + rho",0.00149467561893863,0.064677752566799
"456",1965,2,0.00703574740656244,"Independent model + age risk + rho",0.00112432638068779,0.029774919982716
"457",1966,2,0.00720273904560037,"Independent model + age risk + rho",0.00105480964667725,0.0285976454878119
"458",1967,2,0.00967600593067296,"Independent model + age risk + rho",0.0013280138119174,0.0481084390936579
"459",1968,2,0.133643863168194,"Independent model + age risk + rho",0.0616037897632231,0.239033633909932
"460",1969,2,0.198563141915873,"Independent model + age risk + rho",0.120132780427946,0.298737396959523
"461",1970,2,0.0233243512576776,"Independent model + age risk + rho",0.00510161701548775,0.0592531227188063
"462",1971,2,0.042864319319446,"Independent model + age risk + rho",0.0108383372093732,0.102883454812269
"463",1972,2,0.00797888199219304,"Independent model + age risk + rho",0.00145245201516685,0.0377417233061167
"464",1973,2,0.00816957850229556,"Independent model + age risk + rho",0.00146848712096263,0.0346717401485421
"465",1958,3,NA,"Independent model + age risk + rho",NA,NA
"466",1959,3,NA,"Independent model + age risk + rho",NA,NA
"467",1960,3,0.0175777931949266,"Independent model + age risk + rho",0.00189373744966299,0.212394111180821
"468",1961,3,0.0737065411214092,"Independent model + age risk + rho",0.003035405331668,0.340212351188009
"469",1962,3,0.0231351512186946,"Independent model + age risk + rho",0.00170787970433935,0.161540362467554
"470",1963,3,0.0103206004520931,"Independent model + age risk + rho",0.0014844869218693,0.0624976990026806
"471",1964,3,0.0124870166463004,"Independent model + age risk + rho",0.00142794657724197,0.0638363816717619
"472",1965,3,0.00712383202315184,"Independent model + age risk + rho",0.00114666240677054,0.0303484495163883
"473",1966,3,0.00729570605835606,"Independent model + age risk + rho",0.00108319635503271,0.0292932741294538
"474",1967,3,0.00983892448386345,"Independent model + age risk + rho",0.00132141131143963,0.0492147146616892
"475",1968,3,0.13696206455355,"Independent model + age risk + rho",0.0620981233599213,0.241450537201397
"476",1969,3,0.199555720000316,"Independent model + age risk + rho",0.122062832873929,0.299500152024467
"477",1970,3,0.0206385866200397,"Independent model + age risk + rho",0.00473798421843907,0.051806084681723
"478",1971,3,0.0342016490923996,"Independent model + age risk + rho",0.00825846991309538,0.0838122298717704
"479",1972,3,0.00792044113547467,"Independent model + age risk + rho",0.00147782454499689,0.0369806614250335
"480",1973,3,0.00819848457234577,"Independent model + age risk + rho",0.00147191731571706,0.0339734848379485
"481",1958,4,NA,"Independent model + age risk + rho",NA,NA
"482",1959,4,NA,"Independent model + age risk + rho",NA,NA
"483",1960,4,NA,"Independent model + age risk + rho",NA,NA
"484",1961,4,0.073670450220332,"Independent model + age risk + rho",0.00305268387077302,0.34478841481176
"485",1962,4,0.023074815515758,"Independent model + age risk + rho",0.0016728423831354,0.163129414902719
"486",1963,4,0.0100876506484603,"Independent model + age risk + rho",0.00144429470006022,0.0619587115694066
"487",1964,4,0.0116600798366056,"Independent model + age risk + rho",0.00139929927138171,0.0605016540898355
"488",1965,4,0.00694375566176193,"Independent model + age risk + rho",0.00112985739162153,0.0303075667594704
"489",1966,4,0.0073872748057133,"Independent model + age risk + rho",0.00108465001714544,0.0299851303652486
"490",1967,4,0.00989193376548011,"Independent model + age risk + rho",0.00133063702878976,0.0495156385019404
"491",1968,4,0.138410315551782,"Independent model + age risk + rho",0.0626385793014842,0.250849208398661
"492",1969,4,0.201183348172761,"Independent model + age risk + rho",0.12172344958084,0.305090656946522
"493",1970,4,0.0207827112705812,"Independent model + age risk + rho",0.00466840317129104,0.0518583587991289
"494",1971,4,0.0307187887058987,"Independent model + age risk + rho",0.00702728466163213,0.075747082506748
"495",1972,4,0.00642567340699136,"Independent model + age risk + rho",0.00113589705422502,0.0302052927007839
"496",1973,4,0.0081188585158891,"Independent model + age risk + rho",0.00137806133498114,0.0347168161438085
"497",1958,5,NA,"Independent model + age risk + rho",NA,NA
"498",1959,5,NA,"Independent model + age risk + rho",NA,NA
"499",1960,5,NA,"Independent model + age risk + rho",NA,NA
"500",1961,5,NA,"Independent model + age risk + rho",NA,NA
"501",1962,5,0.0227445451928861,"Independent model + age risk + rho",0.00168333857237583,0.166334223542836
"502",1963,5,0.0101143533452214,"Independent model + age risk + rho",0.00147785645918955,0.0626817860785739
"503",1964,5,0.0115496619750325,"Independent model + age risk + rho",0.00133779832603845,0.0590871487755763
"504",1965,5,0.00629433988926107,"Independent model + age risk + rho",0.001075188066291,0.0272052583628872
"505",1966,5,0.00731397793448696,"Independent model + age risk + rho",0.00110608931840295,0.0299194725098076
"506",1967,5,0.00995923325969365,"Independent model + age risk + rho",0.00133058826631539,0.0517334192460802
"507",1968,5,0.139301517900824,"Independent model + age risk + rho",0.0617823987755034,0.250285619794386
"508",1969,5,0.202566971345987,"Independent model + age risk + rho",0.121753199339059,0.312521511239642
"509",1970,5,0.0208699536430896,"Independent model + age risk + rho",0.00456096491627194,0.0519188003035545
"510",1971,5,0.0307212634855698,"Independent model + age risk + rho",0.00698455991113383,0.0767821614325565
"511",1972,5,0.00567699067688728,"Independent model + age risk + rho",0.00101060579531293,0.026658226116284
"512",1973,5,0.00650409265689092,"Independent model + age risk + rho",0.00110039612171135,0.0292710428577427
"513",1958,6,NA,"Independent model + age risk + rho",NA,NA
"514",1959,6,NA,"Independent model + age risk + rho",NA,NA
"515",1960,6,NA,"Independent model + age risk + rho",NA,NA
"516",1961,6,NA,"Independent model + age risk + rho",NA,NA
"517",1962,6,NA,"Independent model + age risk + rho",NA,NA
"518",1963,6,0.0102398906667661,"Independent model + age risk + rho",0.0014718364879774,0.0626602486041796
"519",1964,6,0.0115363683431164,"Independent model + age risk + rho",0.0013248639598962,0.0598914472060273
"520",1965,6,0.00629114872231634,"Independent model + age risk + rho",0.00105239066393153,0.0273899786361562
"521",1966,6,0.00679124859582282,"Independent model + age risk + rho",0.000943686944550851,0.029051930130998
"522",1967,6,0.00971064394748251,"Independent model + age risk + rho",0.00125767328834526,0.0509931867461966
"523",1968,6,0.141131564665772,"Independent model + age risk + rho",0.0609816261101521,0.254496113360364
"524",1969,6,0.203656125067065,"Independent model + age risk + rho",0.119219740805992,0.316863664353058
"525",1970,6,0.0210274613076102,"Independent model + age risk + rho",0.00458893059005167,0.0523050124361002
"526",1971,6,0.0309839850195781,"Independent model + age risk + rho",0.00702219972152159,0.0779132947830239
"527",1972,6,0.00573096274672785,"Independent model + age risk + rho",0.00101832105683885,0.0270014129961565
"528",1973,6,0.0057432734949542,"Independent model + age risk + rho",0.000998697067495522,0.0270261564774301
"529",1958,7,NA,"Independent model + age risk + rho",NA,NA
"530",1959,7,NA,"Independent model + age risk + rho",NA,NA
"531",1960,7,NA,"Independent model + age risk + rho",NA,NA
"532",1961,7,NA,"Independent model + age risk + rho",NA,NA
"533",1962,7,NA,"Independent model + age risk + rho",NA,NA
"534",1963,7,NA,"Independent model + age risk + rho",NA,NA
"535",1964,7,0.0114140000170815,"Independent model + age risk + rho",0.00134948801053709,0.061958317891256
"536",1965,7,0.00635077351305019,"Independent model + age risk + rho",0.00102171482163628,0.0273952083467183
"537",1966,7,0.00673822900623184,"Independent model + age risk + rho",0.00094060044894823,0.0287965637602203
"538",1967,7,0.00909046336616554,"Independent model + age risk + rho",0.00118069989272475,0.0488311991785396
"539",1968,7,0.140167908015421,"Independent model + age risk + rho",0.058848620694616,0.254140109053668
"540",1969,7,0.202976469572279,"Independent model + age risk + rho",0.116299847139693,0.325051244592692
"541",1970,7,0.0210206896952952,"Independent model + age risk + rho",0.00466486138245564,0.0521786027379453
"542",1971,7,0.0310744527895952,"Independent model + age risk + rho",0.0069248911027024,0.0784907890063812
"543",1972,7,0.00574629468253293,"Independent model + age risk + rho",0.00102932421795421,0.0269765304741034
"544",1973,7,0.00575927001865274,"Independent model + age risk + rho",0.0010002821882374,0.0276812565469506
"545",1958,8,NA,"Independent model + age risk + rho",NA,NA
"546",1959,8,NA,"Independent model + age risk + rho",NA,NA
"547",1960,8,NA,"Independent model + age risk + rho",NA,NA
"548",1961,8,NA,"Independent model + age risk + rho",NA,NA
"549",1962,8,NA,"Independent model + age risk + rho",NA,NA
"550",1963,8,NA,"Independent model + age risk + rho",NA,NA
"551",1964,8,NA,"Independent model + age risk + rho",NA,NA
"552",1965,8,0.00641599550117907,"Independent model + age risk + rho",0.000969312334413273,0.0274569109769995
"553",1966,8,0.00672522501059306,"Independent model + age risk + rho",0.000914484480854729,0.0281805544821361
"554",1967,8,0.00893292074474839,"Independent model + age risk + rho",0.00116748942625794,0.0479052651033957
"555",1968,8,0.129488594653714,"Independent model + age risk + rho",0.0546276116184041,0.239636336411922
"556",1969,8,0.199711126053601,"Independent model + age risk + rho",0.11150365040864,0.317850932243653
"557",1970,8,0.0209444738493996,"Independent model + age risk + rho",0.00450707735717753,0.0517282330384919
"558",1971,8,0.0309381059924622,"Independent model + age risk + rho",0.00685351216834739,0.0794217412863599
"559",1972,8,0.00571135700575588,"Independent model + age risk + rho",0.00103653263889726,0.0274683593812745
"560",1973,8,0.00576832044243956,"Independent model + age risk + rho",0.0010054405529454,0.0281202224999116
"561",1958,9,NA,"Independent model + age risk + rho",NA,NA
"562",1959,9,NA,"Independent model + age risk + rho",NA,NA
"563",1960,9,NA,"Independent model + age risk + rho",NA,NA
"564",1961,9,NA,"Independent model + age risk + rho",NA,NA
"565",1962,9,NA,"Independent model + age risk + rho",NA,NA
"566",1963,9,NA,"Independent model + age risk + rho",NA,NA
"567",1964,9,NA,"Independent model + age risk + rho",NA,NA
"568",1965,9,NA,"Independent model + age risk + rho",NA,NA
"569",1966,9,0.00672495648837519,"Independent model + age risk + rho",0.000882601268055757,0.0295817355968854
"570",1967,9,0.00891295088769082,"Independent model + age risk + rho",0.00115928245768877,0.0484607605916004
"571",1968,9,0.126674265550656,"Independent model + age risk + rho",0.052851551128015,0.240971227724596
"572",1969,9,0.18438167503968,"Independent model + age risk + rho",0.103318662499818,0.300816389537787
"573",1970,9,0.020292770178548,"Independent model + age risk + rho",0.00449826216856812,0.0514598996535055
"574",1971,9,0.0307277229997596,"Independent model + age risk + rho",0.00686874147975699,0.0808490040910837
"575",1972,9,0.00568921723369924,"Independent model + age risk + rho",0.00101606839093362,0.0277246237843048
"576",1973,9,0.00584526553479926,"Independent model + age risk + rho",0.000983765695901918,0.0287103695875467
